Model_Name,Experiment_Time,Total_Params,Mean_IoU
Baseline,250612_020604,7763041,0.3877353623705565
Baseline,250612_022650,7763041,0.3853425942101723
LCNet,250612_031035,508258,0.2581326899761061
LCNet,250612_032355,508258,0.2749228737270442
LCNet,250612_033942,508258,0.17964011989679918
